{
  "accuracy": 0.99979,
  "precision": 0.9993981022518057,
  "recall": 0.9998583117849172,
  "f1": 0.9996281540504648,
  "roc_auc": 0.9999897804198835,
  "n_test": 100000,
  "pos_rate_test": 0.28231
}